[{"model": "products.tag", "pk": 7, "fields": {"name": "Apple"}}, {"model": "products.tag", "pk": 8, "fields": {"name": "Windows"}}, {"model": "products.tag", "pk": 9, "fields": {"name": "China"}}, {"model": "products.tag", "pk": 10, "fields": {"name": "Xiaomi"}}, {"model": "products.tag", "pk": 11, "fields": {"name": "AMD"}}, {"model": "products.tag", "pk": 12, "fields": {"name": "Intel"}}, {"model": "products.tag", "pk": 13, "fields": {"name": "MacOS"}}, {"model": "products.tag", "pk": 14, "fields": {"name": "M1"}}, {"model": "products.tag", "pk": 15, "fields": {"name": "M2"}}, {"model": "products.tag", "pk": 16, "fields": {"name": "Wireless charge"}}, {"model": "products.tag", "pk": 17, "fields": {"name": "Noise reduction"}}, {"model": "products.product", "pk": 1, "fields": {"price": "2200.00", "count": 19, "date": "2023-09-11T14:00:52.714Z", "title": "iMac 24", "description": "23.5\" Моноблок Apple iMac 24\" Z12S000BJ, 4480x2520, Apple M1 2.064 ГГц, RAM 8 ГБ, SSD 256 ГБ, Apple M1 8-Core, MacOS", "fullDescription": "На превосходном дисплее Retina 24 дюйма с разрешением 4,5K всё видно чётко, и вы сможете рассмотреть каждую деталь. Широкий цветовой охват P3 обеспечивает реалистичную передачу изображения с помощью более миллиарда цветов. Яркость дисплея составляет 500 кд/м², поэтому картинка получается очень насыщенной. При этом специальное антибликовое покрытие уменьшает нагрузку на глаза, а технология True Tone автоматически настраивает цветовую температуру в соответствии с окружающим освещением, делая изображение ещё более естественным. Фотографии, презентации, фильмы и сериалы — на iMac всё выглядит превосходно.\r\nКамера FaceTime HD 1080p. Это лучшая камера для Mac. Она обеспечивает в два раза более высокое разрешение во время видеозвонков. Увеличенная матрица улавливает больше света. Передовой процессор обработки сигнала изображения в чипе M1 существенно повышает качество изображения. Теперь, обсуждая рабочие моменты или общаясь с друзьями по видеосвязи, вы можете быть уверены, что выглядите потрясающе.", "freeDelivery": false, "sort_index": 1, "category": 8, "is_limited": true, "tags": [7, 13, 14]}}, {"model": "products.product", "pk": 11, "fields": {"price": "1100.00", "count": 15, "date": "2023-09-11T07:45:33.525Z", "title": "MacBook Air 13", "description": "13.3\" Laptop Apple MacBook Air 13 Late 2020 2560x1600, Apple M1 3.2 ГГц, RAM 8 ГБ, DDR4, SSD 256 ГБ, Apple graphics 7-core, macOS", "fullDescription": "Ноутбук Apple MacBook Air 13 Late являются одной из самых интригующих новинок «яблочной» компании. Не каждый день вас могут порадовать выпуском не просто компактного, а ультракомпактного и в то же время энергоёмкого ноутбука. Модель Apple MacBook Air 13 Late безупречно справляется с этой ролью.\r\nСовершенная операционная система.\r\nНовая операционная система М1 сочетает в себе все характеристики, необходимые для плавной работы ноутбука: увеличенное число графических ядер, оперативную память с объёмом 8 Гб и дополнительной ёмкостью SSD на 256 Гб и многое другое. Ничего лишнего – только качество.\r\n\r\nБезупречный экран.\r\nПри открывании ноутбука Apple MacBook Air 13 Late вы не будете испытывать раздражение от большого количества пятен, следов и царапин. Благодаря олеофобным свойствам, стекло вашего экрана будет сохранять свой аккуратный вид в течение всего пользования, а с антибликовыми элементами вы сможете работать на ноутбуке даже при самом ярком свете солнца.\r\n\r\nОриентирован на автономность.\r\nНоутбук Apple MacBook Air 13 Late способен удивить своей энергоэффективностью. С аккумулятором ёмкостью 50 Вт/ч и увеличенным временем автономной работы, даже при средней нагрузке вам хватит надолго времени, чтобы закончить свой проект, дописать реферат или завершить миссию в видеоигре без дозарядки.", "freeDelivery": true, "sort_index": 5, "category": 7, "is_limited": false, "tags": [7, 13, 14]}}, {"model": "products.product", "pk": 12, "fields": {"price": "1700.00", "count": 10, "date": "2023-09-11T07:46:49.022Z", "title": "MacBook Pro", "description": "13.3\" Laptop Apple MacBook Pro 13 2022 2560x1600, Apple M2, RAM 8 ГБ, LPDDR5, SSD 256 ГБ, Apple graphics 10-core, macOS, MNEP3", "fullDescription": "Мы создали самый мощный MacBook Pro в истории. И это монстр. Чип M2 Pro выводит архитектуру M2 на новый уровень производительности, открывая невероятные возможности для профессиональной работы.\r\nНа клавиатуре Magic Keyboard у MacBook Pro впервые появился ряд полноразмерных механических функциональных клавиш. Такие клавиши особенно ценят профессиональные пользователи из‑за тактильных ощущений. Вы сможете быстро активировать поиск Spotlight, Диктовку и функцию «Не беспокоить». Кроме того, на клавише Touch ID теперь есть специальное рельефное кольцо, которое помогает правильно приложить палец для разблокировки Mac.", "freeDelivery": false, "sort_index": 2, "category": 7, "is_limited": true, "tags": [7, 13, 15]}}, {"model": "products.product", "pk": 14, "fields": {"price": "1050.00", "count": 20, "date": "2023-09-11T08:19:39.607Z", "title": "RedmiBook pro 15", "description": "15.6\" Laptop Xiaomi RedmiBook Pro 15 3200x2000, AMD Ryzen 7 6800H 3.2 ГГц, RAM 16 ГБ, LPDDR5, SSD 512 ГБ, AMD Radeon 680M, Windows 11, JYU4473CN", "fullDescription": "Название Ноутбук Xiaomi Pro RedmiBook RMA2204-AB Ryzen 7 6800H-16GB-512GB SSD-15.6\" 2.5K IPS-Win10Trial-grey. Линейка Redmibook. Код модели RedmiBook Pro 15. Тип ноутбук. Линейка процессора AMD Ryzen 7. Процессор AMD Ryzen 7 6800H. Частота процессора 3200 МГц. Количество ядер процессора 8. Ядро процессора Rembrandt. Оперативная память 16 ГБ. Тип памяти DDR5. Диагональ экрана 15.6 \". Разрешение экрана 3200x2000. Частота обновления экрана 90 Гц. Тип покрытия экрана матовый. Тип матрицы экрана IPS. Общий объем накопителей HDD отсутствует. Общий объем накопителей SSD 512 ГБ. Видеокарта AMD Radeon 680M. Тип видеокарты встроенная. Объем видеопамяти SMA. Тип видеопамяти SMA. Беспроводная связь Bluetooth, Wi-Fi. Стандарт Wi-Fi 802.11ax. Версия Bluetooth 5.0. Оптический привод нет. Интерфейсы USB 3.2 Gen1 Type A, USB 3.2 Gen2 Type-С x 2, выход HDMI, микрофон-наушники Combo. Функционал USB Type-C Power Delivery. Поддержка карт памяти нет. Подсветка клавиатуры есть. Устройства позиционирования Touchpad. Операционная система Windows 11. Время автономной работы 10 ч. Разрешение веб-камеры 720p. Раскладка клавиатуры только английская. Сканер отпечатков пальцев есть. Корпус металлический. Длина 350.1 мм. Ширина 242.3 мм. Толщина 14.9 мм. Вес 1.8 кг. Гарантийный срок 1 г. Цвет серый.", "freeDelivery": false, "sort_index": 2, "category": 7, "is_limited": false, "tags": [8, 9, 10, 11]}}, {"model": "products.product", "pk": 15, "fields": {"price": "750.00", "count": 25, "date": "2023-09-11T08:23:51.638Z", "title": "MateBook D 15", "description": "15.6\" Laptop HUAWEI MateBook D 15 1920x1080, AMD Ryzen 5 5500U 2.1 ГГц, RAM 16 ГБ, DDR4, SSD 512 ГБ, AMD Radeon Graphics, Windows 11 Home, 53013HST", "fullDescription": "Дата выхода на рынок2021 г. Продуктовая линейкаHuawei MateBook DТипультрабук ПроцессорПлатформа (кодовое название)AMD Lucienne (2021)ПроцессорAMD Ryzen 5Модель процессораAMD Ryzen 5 5500UКоличество ядер6Количество потоков12Тактовая частота2 100 МГцTurbo-частота4 000 МГцЭнергопотребление процессора (TDP)25 ВтВстроенная в процессор графикаAMD Radeon Vega 7 КонструкцияМатериал корпусаметаллЦвет корпусасеребристыйМатериал крышкиалюминийЦвет крышкисеребристыйПодсветка корпусаНетЗащищенный корпусНет Размеры и весШирина357.8 ммГлубина229.9 ммТолщина16.9 ммВес1560 г ЭкранДиагональ экрана15.6\"Разрешение экрана1920 x 1080Частота матрицы60 ГцТехнология экранаIPSПоверхность экранаматовыйЭкраннесенсорныйЗащита от царапинНетШирокий цветовой охватНет Оперативная памятьТип оперативной памятиDDR4Объём памяти16 ГБВсего слотов памяти0 Хранение данныхКонфигурация накопителяSSD 512 ГБТип накопителяSSDЁмкость накопителя512 ГБКоличество слотов для SSD (формат M.2)1 слотИнтерфейс установленного SSDPCIeОптический привод (ODD)НетКарты памятиНет ГрафикаДискретная графикаНетМодель видеокартывстроенная Камера и звукКамераДаОсновная камера1 МпВстроенный микрофонДа 2Встроенные динамики4 динамика Клавиатура и тачпадЦифровое поле (Numpad)НетПодсветка клавиатурыНетЗаводская «кириллица» на клавишахДаУправление курсоромтачпад (сенсорная площадка)Мультимедийная сенсорная панельНет ФункцииФункции защиты приватностиДа сканер отпечатка пальца, физический выключатель камеры ИнтерфейсыNFCДаBluetoothДа 5.1LANНетWi-FiДа 802.11ax (Wi-Fi 6)Сотовая связьНетВсего USB Type A3USB 2.0Да 2USB 3.2 Gen1 Type-A (5 Гбит/с)Да 1USB 3.2 Gen2 Type-A (10 Гбит/с)НетВсего USB Type C1USB 3.2 Gen1 Type-C (5 Гбит/с)Да 1USB 3.2 Gen2 Type-C (10 Гбит/с)НетUSB 3.2 Gen 2x2 (20 Гбит/с)НетUSB4 (до 40 Гбит/с)НетМаксимальная скорость передачи данных USB5 Гбит/сАльтернативные режимы USB Type-CPower Delivery 3.0VGA (RGB)НетHDMIДа 1Mini DisplayPortНетАудио выходы (3.5 мм jack)Да 1 Аккумулятор и время работыЗапас энергии42 Вт·чЗарядка ноутбука через USB Type-CДаАдаптер питания USB-CДа КомплектацияОперационная системаWindows 11Дополнительная комплектацияНет МеткиМеткидля работы, для учебы, ультрабук, для фильмов и интернета, для программирования", "freeDelivery": false, "sort_index": 2, "category": 7, "is_limited": false, "tags": [8, 9, 11]}}, {"model": "products.product", "pk": 16, "fields": {"price": "850.00", "count": 8, "date": "2023-09-11T08:30:02.109Z", "title": "Lenovo Ideapad Gaming 3", "description": "15.6\" Laptop Lenovo IdeaPad Gaming 3 Gen 6 15IHU6 1920x1080, Intel Core i5 11300H 3.1 ГГц, RAM 16 ГБ, DDR4, SSD 512 ГБ, NVIDIA GeForce RTX 3050, 82K100DCRE, shadow black", "fullDescription": "Игровой ноутбук экран: 15.6\" (1920x1080) матрица: IPS 120 Гц процессор: Intel Core i5 11300H (4x3100 МГц) оперативная память: 16 ГБ DDR4 3200 МГц накопитель: SSD 512 ГБ дискретная видеокарта: NVIDIA GeForce RTX 3050 (4 ГБ) разъемы: 2 x USB 3.2 Gen 1, USB-C 3.2 Gen 1, микрофон/наушники Combo, HDMI, RJ-45 беспроводная связь: Wi-Fi, Bluetooth емкость аккумулятора: 45 Вт⋅ч операционная система: Без ОС pазмеры: 359.6 x 251.9 x 24.2 мм вес: 2.25 кг", "freeDelivery": true, "sort_index": 7, "category": 7, "is_limited": true, "tags": [8, 12]}}, {"model": "products.product", "pk": 17, "fields": {"price": "700.00", "count": 2, "date": "2023-09-11T08:40:51.758Z", "title": "HP Pavillion TP01-0043ur", "description": "Desktop TP01-0043ur (2K4X8EA) AMD Ryzen 5 3400G, 8 ГБ RAM, 1 ТБ HDD", "fullDescription": "Процессор: AMD Ryzen 5. Серия процессора: 3400G. Частота процессора: 3700 МГц. Тип видеокарты: Встроенная. Видеокарта: AMD Radeon Vega 11. Тип оперативной памяти: DDR4. Оперативная память: 8 Gb. Тип носителя данных: HDD. Объем жесткого диска: 1000 ГБ. Привод: Привода нет. Wi-Fi: Есть. BlueTooth: Есть. Сеть: 10/100/1000 Mбит. Установленная ОС: Windows 10 Home 64-bit. Считыватель карт памяти: SD/SDHC/SDXC. Вес: 5,96 кг. Гарантия: Официальная", "freeDelivery": true, "sort_index": 8, "category": 8, "is_limited": false, "tags": [8, 11]}}, {"model": "products.product", "pk": 18, "fields": {"price": "900.00", "count": 8, "date": "2023-09-11T08:42:16.417Z", "title": "ARENA 6361", "description": "Game Desktop ARENA 6361 Intel Core i7-4770/16 ГБ DDR3/NVIDIA GeForce RTX 3060 12 ГБ/1000 ГБ/240 ГБ SSD/DOS", "fullDescription": "Игровой компьютер ARENA 6361 Intel Core i7-4770/16 ГБ DDR3/NVIDIA GeForce RTX 3060 12 ГБ/1000 ГБ/240 ГБ SSD/DOS", "freeDelivery": false, "sort_index": 3, "category": 8, "is_limited": false, "tags": [8, 9, 12]}}, {"model": "products.product", "pk": 19, "fields": {"price": "1099.00", "count": 9, "date": "2023-09-11T08:44:38.474Z", "title": "HP Omen GT12-1048ur", "description": "Системный блок HP Omen GT12-1048ur 5D426EA (Core i5 11400F, 16Gb/ SSD 512Gb, Radeon RX 6700XT)", "fullDescription": "Процессор - Core i5 11400F 2600MHz. Видеокарта - AMD Radeon RX 6700XT (12288 МБ VRAM). Оперативная память - 16 ГБ (DDR4 3200 МГц). Накопитель - SSD. Операционная система - MS Windows 11 Home. Цвет - Черный. Модельный номер - 5D426EA.", "freeDelivery": false, "sort_index": 5, "category": 8, "is_limited": true, "tags": [8, 12]}}, {"model": "products.product", "pk": 20, "fields": {"price": "250.00", "count": 15, "date": "2023-09-11T08:53:33.559Z", "title": "Xiaomi Mi Gaming Display", "description": "27\" Xiaomi Mi Gaming Display, 2560x1440, 165 Гц, IPS, CN", "fullDescription": "Xiaomi Mi Desktop Monitor 165Hz (XMMNT27HQ) – это 27-дюймовый игровой монитор с разрешением 2К, сверхбыстрым временем отклика 1 мс и высочайшей частотой обновления 165 Гц, обеспечивающими плавный игровой процесс. Разрешение 2560х1440 с 27-дюймовым экраном QHD 2k и технологией displayHDR 400 делает движущиеся объекты более четкими для плавного и отзывчивого игрового процесса. Монитор оснащен технологией Adaptive-Sync (FreeSync), которая устраняет разрывы изображения на экране и скачкообразную частоту кадров. Версия Mi Display 27 дюймов с частотой 165 Гц, охватывающая 95% DCI-P3, 100% sSRGB, может точно отображать до 16,7 миллионов цветов с типичным значением яркости 400 кд/м. Независимо от того, просматриваете ли вы видео, занимаетесь дизайном, обрабатываете фотографии или играете в игры - точные и яркие возможности цветопередачи сделают процесс более приятным. У монитора специально разработанная эргономичная подставка, позволяющая регулировать наклон, поворот, поворот и высоту, чтобы вы всегда находили идеальное положение для просмотра.", "freeDelivery": true, "sort_index": 8, "category": 15, "is_limited": false, "tags": [9, 10]}}, {"model": "products.product", "pk": 21, "fields": {"price": "300.00", "count": 12, "date": "2023-09-11T08:55:00.149Z", "title": "Display Gigabyte", "description": "Display 27\" GIGABYTE G27QC 2560x1440, VA, 165Hz, FreeSync, 250cd/m2, 16:9", "fullDescription": "Display 27\" GIGABYTE G27QC 2560x1440, VA, 165Hz, FreeSync, 250cd/m2, 16:9", "freeDelivery": false, "sort_index": 3, "category": 15, "is_limited": true, "tags": [9]}}, {"model": "products.product", "pk": 22, "fields": {"price": "400.00", "count": 4, "date": "2023-09-11T08:56:25.068Z", "title": "Samsung Display", "description": "Display Samsung 32\" C32G55TQ 2560x1440, VA LED, 1ms, HDMI/DisplayPort", "fullDescription": "32\", TFT IPS, 2560x1440", "freeDelivery": true, "sort_index": 9, "category": 15, "is_limited": true, "tags": []}}, {"model": "products.product", "pk": 23, "fields": {"price": "500.00", "count": 2, "date": "2023-09-11T08:57:49.298Z", "title": "Desktop LG 32GN650-B", "description": "Desktop LG 32GN650-B", "fullDescription": "Монитор LG 32GN650-B - самый мощный инструмент для победы, который поможет вам стать лучшим игроком. Высокая частота 165 Гц позволяет игрокам мгновенно увидеть следующий кадр и обеспечивает плавное отображение изображения. Геймеры могут быстро обнаруживать противника и легко прицелиться. Отклик монитора в 1 мс MBR способствует более плавному игровому процессу, уменьшая искажения и удвоение изображения. В динамичных играх при движении объектов уменьшаются любые искажения, что делает игру более захватывающей для геймеров и даёт вам конкурентное преимущество. Этот монитор поддерживает HDR10 с sRGB 95%, обеспечивая реалистичное визуальное погружение с насыщенными цветами и контрастностью. Независимо от поля битвы, он может помочь игрокам увидеть все драматические цвета, задуманные разработчиками игры.", "freeDelivery": false, "sort_index": 12, "category": 15, "is_limited": false, "tags": [9]}}, {"model": "products.product", "pk": 24, "fields": {"price": "549.00", "count": 9, "date": "2023-09-11T08:59:25.880Z", "title": "Desktop PHILIPS 32M1N5500VS/00 32\"", "description": "DesktopPHILIPS 32M1N5500VS/00 32\"", "fullDescription": "Для геймеров не должно существовать выбора между низкой частотой обновления и малой производительностью в играх. AMD FreeSync™ Premium создает плавный игровой процесс при максимальной нагрузке. Играйте без компромиссов — высокая частота обновления, компенсация низкой частоты кадров и низкая задержка обновления придадут вам необходимую уверенность.\r\nДля интенсивного гейминга требуется максимально четкий и плавный видеоряд. Этот дисплей Philips обеспечивает частоту обновления 165 кадров в секунду, что гораздо выше в сравнении с обычными дисплеями, на которых изображение противника на экране может перемещаться рывками, не давая навести прицел. Частота обновления 165 Гц делает движения противника на дисплее невероятно плавными и легко отслеживаемыми кадр за кадром, помогая вам прицелиться. Минимальная задержка ввода и отсутствие прерывистости изображения делают этот игровой дисплей Philips потрясающим компаньоном для битв.\r\nMPRT (время отклика движущегося изображения) — это более понятный способ описания времени отклика, который напрямую соотносится с длительностью отображения эффекта размытия перед тем, как изображения становятся четкими. Игровой монитор Philips с MRPT 1 мс эффективно устраняет размытие изображения и обеспечивает резкую картинку для более захватывающего игрового процесса. Лучший выбор для увлекательных динамичных игр.\r\nЗадержка ввода — это время, которое проходит между выполнением действия на подключенных устройствах и выведением результата на экран. Низкая задержка ввода сокращает временной интервал между вводом команды на ваших устройствах и принятием сигнала монитором, значительно облегчая прохождение видеоигр с высокими требованиями к отзывчивости и времени реагирования, что особенно важно для тех, кто играет в динамичные и быстрые видеоигры.\r\nЭти мониторы Philips обеспечивают кристально чистое изображение с разрешением Quad HD 2560 x 1440 или 2560 x 1080 пикселей. Дисплеи оснащены высокопроизводительными панелями с высокой плотностью пикселей и широкополосными портами подключения (среди которых DisplayPort, HDMI, Dual link DVI), благодаря чему изображения и графика буквально оживают на глазах. Дисплеи Philips обеспечат кристально чистое изображение всем и каждому: и взыскательным профессионалам, работающим с программами CAD-CAM, и специалистам по 3D-графике, и финансистам, имеющим дело с огромными таблицами.\r\nВыберите один из режимов SmartImage HDR в соответствии со своими потребностями. HDR Игра: оптимизация под видеоигры. Высокая контрастность обеспечивает яркость сцены и позволяет замечать врагов, которые прячутся в тенях. HDR Фильм: идеально для просмотра фильмов. Более оптимальный контраст и яркость для реалистичной картинки с эффектом погружения. HDR Фото: более яркие оттенки красного, зеленого и синего. DisplayHDR: сертифицировано VESA DisplayHDR*. Пользовательский: настраивайте параметры в меню изображения.\r\nНаш режим LowBlue и технология предотвращение мерцания разработаны для того, чтобы снизить нагрузку на глаза пользователя при длительном просмотре контента на мониторе.\r\nБлагодаря удобно расположенной кнопке перемещения по меню EasySelect вы сможете быстро изменить настройки монитора прямо в экранном меню.\r\nСветодиодный дисплей Philips VA оснащен передовой технологией многозонного вертикального совмещения, которая обеспечивает сверхвысокий коэффициент статического контраста, формируя более яркую, живую картинку. Благодаря такому дисплею без труда можно работать в стандартных офисных программах, но особенно он эффективен для просмотра фотографий, веб-страниц и фильмов, для игр, а также для работы с мощными графическими приложениями. Технология оптимизированной обработки пикселей расширяет угол обзора до 178/178 градусов, и в результате вы видите четкое изображение.", "freeDelivery": true, "sort_index": 4, "category": 15, "is_limited": true, "tags": []}}, {"model": "products.product", "pk": 25, "fields": {"price": "300.00", "count": 5, "date": "2023-09-11T09:01:25.583Z", "title": "ASUS Display", "description": "Display 31,5\" ASUS VP32AQ 2560x1440, IPS, 350cd/m2, 16:9, 178°/ 178°, DP, HDMI, 2Wx2", "fullDescription": "Display 31,5\" ASUS VP32AQ 2560x1440, IPS, 350cd/m2, 16:9, 178°/ 178°, DP, HDMI, 2Wx2", "freeDelivery": true, "sort_index": 3, "category": 15, "is_limited": false, "tags": [9]}}, {"model": "products.product", "pk": 26, "fields": {"price": "1500.00", "count": 9, "date": "2023-09-11T14:00:52.724Z", "title": "Iphone 14 pro", "description": "Ihone 14 pro, esim, 512 gb", "fullDescription": "cool", "freeDelivery": true, "sort_index": 1, "category": 11, "is_limited": true, "tags": [16]}}, {"model": "products.product", "pk": 27, "fields": {"price": "1099.00", "count": 15, "date": "2023-09-11T09:18:27.751Z", "title": "Iphone 14", "description": "Iphone 14, esim, 256 gb", "fullDescription": "Not enough cool", "freeDelivery": false, "sort_index": 2, "category": 11, "is_limited": false, "tags": [7, 16]}}, {"model": "products.product", "pk": 28, "fields": {"price": "800.00", "count": 19, "date": "2023-09-11T09:19:41.496Z", "title": "Iphone 13 mini", "description": "Iphone 13 mini, esim, 256 gb", "fullDescription": "Not so cool", "freeDelivery": true, "sort_index": 3, "category": 11, "is_limited": false, "tags": [7]}}, {"model": "products.product", "pk": 29, "fields": {"price": "999.00", "count": 12, "date": "2023-09-11T09:20:53.657Z", "title": "Iphone 13", "description": "Iphone 13, esim, 512 gb", "fullDescription": "Iphone basic", "freeDelivery": true, "sort_index": 2, "category": 11, "is_limited": false, "tags": [7, 16]}}, {"model": "products.product", "pk": 30, "fields": {"price": "160.00", "count": 20, "date": "2023-09-11T09:28:54.959Z", "title": "Xiaomi Redmi 12", "description": "Smartphone Xiaomi Redmi 12 4/128GB", "fullDescription": "За счет дизайна задней панели, которая выполнена из стекла, Xiaomi Redmi 12 выглядит прочным и стильным. Толщина смартфона составляет всего 8,17мм, он просто незаметен в ладони.", "freeDelivery": true, "sort_index": 4, "category": 10, "is_limited": false, "tags": [9, 10]}}, {"model": "products.product", "pk": 31, "fields": {"price": "500.00", "count": 12, "date": "2023-09-11T09:30:06.929Z", "title": "Xiaomi Redmi Note 12 Pro+", "description": "Xiaomi Redmi Note 12 Pro+ 8/256 gb", "fullDescription": "Мощная система камер с лучшим в мире  200Мп разрешением с OIS и объективом 7P. Раскройтесь в творчестве с непревзойденной системой камер Redmi Note 12 Pro+.", "freeDelivery": true, "sort_index": 4, "category": 10, "is_limited": false, "tags": [9, 10]}}, {"model": "products.product", "pk": 32, "fields": {"price": "450.00", "count": 14, "date": "2023-09-11T09:31:36.756Z", "title": "OPPO Reno10", "description": "OPPO Reno10 8/256 gb", "fullDescription": "Смартфон Oppo Reno10, черный снабжен восьмиядерным процессором Mediatek Dimensity 7050 2x2,6 ГГц + 6x2 ГГц и 8 Гб оперативной памяти, которые обеспечивают высокую производительность и стабильную работу без задержек даже в многозадачном режиме. Для установки приложений и хранения фото, видео, документов и прочего предназначены 256 Гб встроенной памяти, которую можно увеличить за счет карты памяти microSD (до 2 Тб).\r\nБезрамочный AMOLED-экран обладает диагональю 6,7 дюйма и разрешением 2400х1080 пикселей. Отображается 1,07 млрд оттенков (10 бит), типичная яркость — 500 нит, пиковая — до 950 нит. Частота обновления 120 Гц гарантирует плавность отображения любого динамичного контента. Поддерживается функция Always On Display.\r\nОсновная камера представлена объективом 64 Мп, телеобъективом 32 Мп, сверхширокоугольным объективом 8 Мп. Приблизить объект, выделить какие-то детали позволят гибридный оптический и цифровой зумы. Максимальное разрешение видеосъемки — 3840x2160 пикселей (4K). Фронтальная", "freeDelivery": false, "sort_index": 2, "category": 10, "is_limited": false, "tags": [9, 16]}}, {"model": "products.product", "pk": 33, "fields": {"price": "250.00", "count": 7, "date": "2023-09-11T12:55:05.785Z", "title": "Samsung Galaxy A24", "description": "Smartphone Samsung Galaxy A24 4/128GB", "fullDescription": "Смартфон Samsung Galaxy A24 Black обладает Super AMOLED-экраном диагональю 6,5 дюйма разрешением 2340х1080 пикселей — изображение яркое, с корректной проработкой деталей и естественной передачей цветов. Частота обновления 90 Гц способствует плавности прокрутки страниц и отображения любого динамичного контента.\r\nАппаратная часть представлена восьмиядерным процессором Mediatek Helio G99 частотой 2,2 ГГц и 4 Гб оперативной памяти. Для хранения данных и установки необходимых приложений предусмотрены 128 Гб встроенной памяти, которую можно расширить за счет карты microSD (до 1 Тб). Доступна работа с двумя SIM-картами формата nano в сетях вплоть до 4G LTE, выход в Сеть обеспечивает встроенный модуль Wi-Fi, за обмен данными с другими девайсами отвечает Bluetooth 5.3. Определить свое местоположение в незнакомом месте и проложить маршрут помогут навигационные системы GPS, ГЛОНАСС, Beidou, Galileo, QZSS.", "freeDelivery": false, "sort_index": 6, "category": 10, "is_limited": false, "tags": [16]}}, {"model": "products.product", "pk": 34, "fields": {"price": "550.00", "count": 4, "date": "2023-09-11T13:44:10.189Z", "title": "HUAWEI nova 11 pro", "description": "Smartphone HUAWEI nova 11 pro 8/256 gb", "fullDescription": "Смартфон Huawei nova 11 pro Green оснащен 6,78-дюймовым безрамочным экраном разрешением 2652х1200 пикселей, произведенным с применением OLED-технологии. Отображается 1,07 млрд цветов. Частота обновления достигает 120 Гц и обеспечивает плавность прокрутки страниц и отображения любого динамичного контента. Объем оперативной памяти — 8 Гб, встроенной — 256 Гб. Модель работает на базе ОС Android с оболочкой EMUI 13.\r\nВ основе этой модели лежит восьмиядерный процессор Qualcomm Snapdragon 778G с тактовой частотой 2,4 ГГц, который обеспечивает стабильную работу даже в многозадачном режиме и позволяет играть в современные игры.", "freeDelivery": false, "sort_index": 1, "category": 10, "is_limited": true, "tags": [9, 16]}}, {"model": "products.product", "pk": 35, "fields": {"price": "110.00", "count": 15, "date": "2023-09-11T09:39:12.462Z", "title": "Magic Mouse", "description": "Wireless Apple Magic Mouse White (MK2E3)", "fullDescription": "Беспроводная мышь Apple Magic Mouse (MK2E3) белого цвета обладает массой 99 г. Ножки выполнены из фторопласта, симметричный корпус — из пластика. Комплектуется кабелем для зарядки. Время автономной работы от встроенной батареи достигает 1 месяца. Устройство синхронизируется с компьютером через интерфейс Bluetooth.\r\nРазрешение датчика достигает 1000 dpi. Установлен сенсор оптического светодиодного типа. Радиус действия беспроводной связи — до 10 м. Габариты устройства составляют 57,1х21,6х113,5 мм.", "freeDelivery": false, "sort_index": 4, "category": 14, "is_limited": true, "tags": [7]}}, {"model": "products.product", "pk": 36, "fields": {"price": "20.00", "count": 28, "date": "2023-09-11T13:44:10.179Z", "title": "Xioami mouse", "description": "Wireless Xiaomi Wireless Mouse Lite BHR6099GL", "fullDescription": "Беспроводная мышь Xiaomi Wireless Mouse Lite BHR6099GL, черная — контроллер управления, выполненный в минималистичном пластиковом корпусе с закругленными краями. Для соединения с компьютером или ноутбуком используется приемник, который работает на частоте 2,4 ГГц. За скорость и четкость движения курсора отвечает оптический датчик: скорость датчика — 1000 dpi.\r\nМышь оснащена двумя кликами и центральным скроллером-колесом. Питается контроллер от батарейки формата ААА, о низком заряде мышь предупредит световым индикатором.", "freeDelivery": true, "sort_index": 6, "category": 14, "is_limited": false, "tags": [10]}}, {"model": "products.product", "pk": 37, "fields": {"price": "300.00", "count": 16, "date": "2023-09-11T09:44:45.180Z", "title": "AirPods 2 pro", "description": "Headphones Apple AirPods Pro 2nd generation (MQD83)", "fullDescription": "Внутриканальные наушники Apple AirPods Pro второго поколения выполнены в белом цвете. Они оборудованы модулем Bluetooth версии 5.3, чипом Apple H2 и сдвоенными направленными микрофонами с системой активного шумоподавления. Эта модель быстро подключается к голосовому ассистенту Siri. На корпусе есть кнопки управления.", "freeDelivery": false, "sort_index": 1, "category": 13, "is_limited": true, "tags": [7, 16, 17]}}, {"model": "products.product", "pk": 38, "fields": {"price": "850.00", "count": 2, "date": "2023-09-11T14:01:47.457Z", "title": "Apple AirPods Max", "description": "Headphones Bluetooth Apple AirPods Max Green (MGYN3)", "fullDescription": "Такого вы ещё не слышали.\r\n\r\nAirPods Max полностью меняют представление о полноразмерных наушниках. Драйвер, разработанный Apple, способен воспроизводить звук высокой чёткости. Каждая деталь, от оголовья до амбушюров, разработана для полного комфорта. Передовая функция активного шумоподавления блокирует внешние шумы, а «Прозрачный режим» позволяет слышать окружающий мир.", "freeDelivery": true, "sort_index": 1, "category": 13, "is_limited": true, "tags": [7, 16, 17]}}, {"model": "products.product", "pk": 39, "fields": {"price": "200.00", "count": 0, "date": "2023-09-11T09:47:08.557Z", "title": "Xiaomi Buds 4 Pro", "description": "Headphones True Wireless Xiaomi Buds 4 Pro Star Gold M2126E1 (BHR6156GL)", "fullDescription": "Наушники True Wireless Xiaomi Buds 4 Pro M2126E1 Star Gold оснащены Bluetooth версии 5.3 с радиусом действия до 10 м. Корпус наушников защищен от попадания внутрь пыли и влаги (IP55). Управление сенсорное. По акустическому оформлению наушники закрытые. Модель поддерживает частотный диапазон от 20 Гц до 20000 Гц. Диаметр мембраны составляет 11 мм.\r\nКорпус наушников пластиковый. Амбушюры сделаны из силикона. Присутствует встроенный микрофон. Предусмотрены система активного шумоподавления, функция Multipoint, Hands-Free Profile (HFP). Наушники работают от аккумулятора емкостью 565 мА*ч. В режиме разговора время непрерывного функционирования составляет 9 часов, в режиме ожидания увеличивается до 32 часов. В комплект входят зарядный чехол, две пары дополнительных амбушюров, USB-кабель.", "freeDelivery": true, "sort_index": 8, "category": 13, "is_limited": false, "tags": [16, 17]}}, {"model": "products.product", "pk": 40, "fields": {"price": "100.00", "count": 6, "date": "2023-09-11T09:49:49.920Z", "title": "Apple Magic Keyboard", "description": "Wireless Apple Magic Keyboard (MK2A3)", "fullDescription": "Беспроводная клавиатура Apple Magic Keyboard (MK2A3) — компактная модель в корпусе из алюминиевого сплава, оформленном в белом цвете. За синхронизацию с компьютером отвечает модуль Bluetooth.\r\nДля зарядки используется кабель с коннекторами USB Type-C и Lightning. Во время подпитки можно пользоваться устройством. Тканевая оплетка защищает сердечник от изломов, не дает шнуру скручиваться.\r\nКлавиатура снабжена русской и английской раскладками, буквы нанесены серым цветом. Размеры прибора — 11,49х27,89х1,09 см, вес — 239 г.", "freeDelivery": true, "sort_index": 7, "category": 16, "is_limited": false, "tags": [7]}}, {"model": "products.product", "pk": 41, "fields": {"price": "129.00", "count": 15, "date": "2023-09-11T09:50:51.238Z", "title": "HP Keyboard 100", "description": "Клавиатура проводная HP Keyboard 100 Russ (2UN30AA#ACB)", "fullDescription": "Для решения большинства задач вполне хватает стандартной клавиатуры без лишних наворотов и специализированных фишек - HP Keyboard 100 готова это доказать на своём примере.\r\n\r\nКЛАССИЧЕСКИЙ ОБРАЗ\r\nHP Keyboard 100 обладает всеми качествами, которые необходимы периферии для работы и развлечений. Полногабаритная клавиатура оснащена цифровым блоком и вынесенным рядом функциональных клавиш. Компактные габариты позволяют спокойно разместить её на столе и запускать приложения.\r\n\r\nПРОСТОЙ ВАРИАНТ\r\nДля подключения к компьютеру также не придётся идти на ухищрения. Модель оборудована 1,5-метровым кабелем с коннектором USB 2.0. Так что владелец может сходу отыскать свободный порт на системном блоке, чтобы опробовать новинку в деле.", "freeDelivery": true, "sort_index": 9, "category": 16, "is_limited": false, "tags": []}}, {"model": "products.productspecification", "pk": 1, "fields": {"product": 1, "name": "Color", "value": "Pink"}}, {"model": "products.productspecification", "pk": 2, "fields": {"product": 1, "name": "Color", "value": "Yellow"}}, {"model": "products.productspecification", "pk": 3, "fields": {"product": 1, "name": "Color", "value": "Blue"}}, {"model": "products.productimage", "pk": 2, "fields": {"product": null, "src": "products/images/default.png"}}, {"model": "products.productimage", "pk": 4, "fields": {"product": 1, "src": "products/images/product_1/iMac24_preview.png"}}, {"model": "products.productimage", "pk": 5, "fields": {"product": 1, "src": "products/images/product_1/iMac24_1.png"}}, {"model": "products.productimage", "pk": 6, "fields": {"product": 1, "src": "products/images/product_1/iMac24_2.png"}}, {"model": "products.productimage", "pk": 7, "fields": {"product": 1, "src": "products/images/product_1/iMac24_3.png"}}, {"model": "products.productimage", "pk": 8, "fields": {"product": 11, "src": "products/images/product_11/MacBook_1.png"}}, {"model": "products.productimage", "pk": 9, "fields": {"product": 11, "src": "products/images/product_11/MacBook_2.png"}}, {"model": "products.productimage", "pk": 10, "fields": {"product": 11, "src": "products/images/product_11/MacBook_3.png"}}, {"model": "products.productimage", "pk": 12, "fields": {"product": 12, "src": "products/images/product_12/MacBook_2.png"}}, {"model": "products.productimage", "pk": 13, "fields": {"product": 12, "src": "products/images/product_12/MacBook_3.png"}}, {"model": "products.productimage", "pk": 14, "fields": {"product": 12, "src": "products/images/product_12/MacBook_4.png"}}, {"model": "products.productimage", "pk": 15, "fields": {"product": 12, "src": "products/images/product_12/MacBook_1_ggzpf9w.png"}}, {"model": "products.productimage", "pk": 19, "fields": {"product": 14, "src": "products/images/product_14/RedmiBook_1.png"}}, {"model": "products.productimage", "pk": 20, "fields": {"product": 14, "src": "products/images/product_14/RedmiBook_2.png"}}, {"model": "products.productimage", "pk": 21, "fields": {"product": 14, "src": "products/images/product_14/RedmiBook_3.png"}}, {"model": "products.productimage", "pk": 22, "fields": {"product": 15, "src": "products/images/product_15/MateBook_1.png"}}, {"model": "products.productimage", "pk": 23, "fields": {"product": 15, "src": "products/images/product_15/MateBook_2.png"}}, {"model": "products.productimage", "pk": 24, "fields": {"product": 15, "src": "products/images/product_15/MateBook_4.png"}}, {"model": "products.productimage", "pk": 25, "fields": {"product": 16, "src": "products/images/product_16/Ideapad_1.png"}}, {"model": "products.productimage", "pk": 26, "fields": {"product": 16, "src": "products/images/product_16/Ideapad_2.png"}}, {"model": "products.productimage", "pk": 27, "fields": {"product": 17, "src": "products/images/product_17/HPDesktop_1.png"}}, {"model": "products.productimage", "pk": 28, "fields": {"product": 17, "src": "products/images/product_17/HPDesktop_2.png"}}, {"model": "products.productimage", "pk": 29, "fields": {"product": 17, "src": "products/images/product_17/HPDesktop_3.png"}}, {"model": "products.productimage", "pk": 30, "fields": {"product": 17, "src": "products/images/product_17/HPDesktop_4.png"}}, {"model": "products.productimage", "pk": 31, "fields": {"product": 18, "src": "products/images/product_18/ARENA_1.png"}}, {"model": "products.productimage", "pk": 32, "fields": {"product": 18, "src": "products/images/product_18/ARENA_2.png"}}, {"model": "products.productimage", "pk": 33, "fields": {"product": 18, "src": "products/images/product_18/ARENA_3.png"}}, {"model": "products.productimage", "pk": 34, "fields": {"product": 19, "src": "products/images/product_19/Omen_1.png"}}, {"model": "products.productimage", "pk": 35, "fields": {"product": 19, "src": "products/images/product_19/Omen_2.png"}}, {"model": "products.productimage", "pk": 36, "fields": {"product": 19, "src": "products/images/product_19/Omen_3.png"}}, {"model": "products.productimage", "pk": 37, "fields": {"product": 20, "src": "products/images/product_20/Xiaomi_display_1.png"}}, {"model": "products.productimage", "pk": 38, "fields": {"product": 20, "src": "products/images/product_20/Xiaomi_display_2.png"}}, {"model": "products.productimage", "pk": 39, "fields": {"product": 20, "src": "products/images/product_20/Xiaomi_display_3.png"}}, {"model": "products.productimage", "pk": 40, "fields": {"product": 20, "src": "products/images/product_20/Xiaomi_display_4.png"}}, {"model": "products.productimage", "pk": 41, "fields": {"product": 21, "src": "products/images/product_21/Gigabyte_2.png"}}, {"model": "products.productimage", "pk": 42, "fields": {"product": 21, "src": "products/images/product_21/Gigabyte_3.png"}}, {"model": "products.productimage", "pk": 43, "fields": {"product": 21, "src": "products/images/product_21/Gigabyte_4.png"}}, {"model": "products.productimage", "pk": 44, "fields": {"product": 22, "src": "products/images/product_22/Samsung_display_1.png"}}, {"model": "products.productimage", "pk": 45, "fields": {"product": 22, "src": "products/images/product_22/Samsung_display_2.png"}}, {"model": "products.productimage", "pk": 46, "fields": {"product": 22, "src": "products/images/product_22/Samsung_display_3.png"}}, {"model": "products.productimage", "pk": 47, "fields": {"product": 22, "src": "products/images/product_22/Samsung_display_4.png"}}, {"model": "products.productimage", "pk": 48, "fields": {"product": 23, "src": "products/images/product_23/LG_display_1.png"}}, {"model": "products.productimage", "pk": 49, "fields": {"product": 23, "src": "products/images/product_23/LG_display_2.png"}}, {"model": "products.productimage", "pk": 50, "fields": {"product": 23, "src": "products/images/product_23/LG_display_3.png"}}, {"model": "products.productimage", "pk": 51, "fields": {"product": 23, "src": "products/images/product_23/LG_display_4.png"}}, {"model": "products.productimage", "pk": 52, "fields": {"product": 24, "src": "products/images/product_24/Philips_display_1.png"}}, {"model": "products.productimage", "pk": 53, "fields": {"product": 24, "src": "products/images/product_24/Philips_display_2.png"}}, {"model": "products.productimage", "pk": 54, "fields": {"product": 25, "src": "products/images/product_25/ASUS_display_.png"}}, {"model": "products.productimage", "pk": 55, "fields": {"product": 25, "src": "products/images/product_25/ASUS_display_1.png"}}, {"model": "products.productimage", "pk": 56, "fields": {"product": 25, "src": "products/images/product_25/ASUS_display_2.png"}}, {"model": "products.productimage", "pk": 57, "fields": {"product": 26, "src": "products/images/product_26/Iphone_14_pro_1.png"}}, {"model": "products.productimage", "pk": 58, "fields": {"product": 26, "src": "products/images/product_26/Iphone_14_pro_2.png"}}, {"model": "products.productimage", "pk": 59, "fields": {"product": 26, "src": "products/images/product_26/Iphone_14_pro_3.png"}}, {"model": "products.productimage", "pk": 60, "fields": {"product": 27, "src": "products/images/product_27/Iphone_14_1.png"}}, {"model": "products.productimage", "pk": 61, "fields": {"product": 27, "src": "products/images/product_27/Iphone_14_2.png"}}, {"model": "products.productimage", "pk": 62, "fields": {"product": 27, "src": "products/images/product_27/Iphone_14_3.png"}}, {"model": "products.productimage", "pk": 63, "fields": {"product": 28, "src": "products/images/product_28/Iphone_13_mini_1.png"}}, {"model": "products.productimage", "pk": 64, "fields": {"product": 28, "src": "products/images/product_28/Iphone_13_mini_2.png"}}, {"model": "products.productimage", "pk": 65, "fields": {"product": 28, "src": "products/images/product_28/Iphone_13_mini_.png"}}, {"model": "products.productimage", "pk": 66, "fields": {"product": 28, "src": "products/images/product_28/Iphone_13_mini_4.png"}}, {"model": "products.productimage", "pk": 67, "fields": {"product": 29, "src": "products/images/product_29/Iphone_13_1.png"}}, {"model": "products.productimage", "pk": 68, "fields": {"product": 29, "src": "products/images/product_29/Iphone_13_2.png"}}, {"model": "products.productimage", "pk": 69, "fields": {"product": 29, "src": "products/images/product_29/Iphone_13_3.png"}}, {"model": "products.productimage", "pk": 70, "fields": {"product": 29, "src": "products/images/product_29/Iphone_13_4.png"}}, {"model": "products.productimage", "pk": 71, "fields": {"product": 30, "src": "products/images/product_30/Redmi_12_1.png"}}, {"model": "products.productimage", "pk": 72, "fields": {"product": 30, "src": "products/images/product_30/Redmi_12_2.png"}}, {"model": "products.productimage", "pk": 73, "fields": {"product": 30, "src": "products/images/product_30/Redmi_12_3.png"}}, {"model": "products.productimage", "pk": 74, "fields": {"product": 31, "src": "products/images/product_31/Redminote12pro_1.png"}}, {"model": "products.productimage", "pk": 75, "fields": {"product": 31, "src": "products/images/product_31/Redminote12pro_2.png"}}, {"model": "products.productimage", "pk": 76, "fields": {"product": 31, "src": "products/images/product_31/Redminote12pro_3.png"}}, {"model": "products.productimage", "pk": 77, "fields": {"product": 32, "src": "products/images/product_32/oppo_1.png"}}, {"model": "products.productimage", "pk": 78, "fields": {"product": 32, "src": "products/images/product_32/oppo_2.png"}}, {"model": "products.productimage", "pk": 79, "fields": {"product": 32, "src": "products/images/product_32/oppo_3.png"}}, {"model": "products.productimage", "pk": 80, "fields": {"product": 32, "src": "products/images/product_32/oppo_4.png"}}, {"model": "products.productimage", "pk": 81, "fields": {"product": 33, "src": "products/images/product_33/samsung_smatphone_1.png"}}, {"model": "products.productimage", "pk": 82, "fields": {"product": 33, "src": "products/images/product_33/samsung_smatphone_3.png"}}, {"model": "products.productimage", "pk": 83, "fields": {"product": 34, "src": "products/images/product_34/huawei_1.png"}}, {"model": "products.productimage", "pk": 84, "fields": {"product": 34, "src": "products/images/product_34/huawei_2.png"}}, {"model": "products.productimage", "pk": 85, "fields": {"product": 34, "src": "products/images/product_34/huawei_3.png"}}, {"model": "products.productimage", "pk": 86, "fields": {"product": 34, "src": "products/images/product_34/huawei_4.png"}}, {"model": "products.productimage", "pk": 87, "fields": {"product": 35, "src": "products/images/product_35/magic_mouse.png"}}, {"model": "products.productimage", "pk": 88, "fields": {"product": 36, "src": "products/images/product_36/xiaomi_mouse.png"}}, {"model": "products.productimage", "pk": 89, "fields": {"product": 37, "src": "products/images/product_37/airpods_1.png"}}, {"model": "products.productimage", "pk": 90, "fields": {"product": 37, "src": "products/images/product_37/airpods_2.png"}}, {"model": "products.productimage", "pk": 91, "fields": {"product": 37, "src": "products/images/product_37/airpods_3.png"}}, {"model": "products.productimage", "pk": 92, "fields": {"product": 38, "src": "products/images/product_38/1.png"}}, {"model": "products.productimage", "pk": 93, "fields": {"product": 38, "src": "products/images/product_38/2.png"}}, {"model": "products.productimage", "pk": 94, "fields": {"product": 38, "src": "products/images/product_38/3.png"}}, {"model": "products.productimage", "pk": 95, "fields": {"product": 39, "src": "products/images/product_39/1.png"}}, {"model": "products.productimage", "pk": 96, "fields": {"product": 39, "src": "products/images/product_39/2.png"}}, {"model": "products.productimage", "pk": 97, "fields": {"product": 39, "src": "products/images/product_39/3.jpg"}}, {"model": "products.productimage", "pk": 98, "fields": {"product": 40, "src": "products/images/product_40/magic_keyboard_1.png"}}, {"model": "products.productimage", "pk": 99, "fields": {"product": 40, "src": "products/images/product_40/Philips_display_2.png"}}, {"model": "products.productimage", "pk": 100, "fields": {"product": 41, "src": "products/images/product_41/keyboard_1.png"}}, {"model": "products.productimage", "pk": 101, "fields": {"product": 41, "src": "products/images/product_41/keyboard_2.png"}}, {"model": "products.productimage", "pk": 102, "fields": {"product": 41, "src": "products/images/product_41/keyboard_3.png"}}, {"model": "products.review", "pk": 185, "fields": {"author": 2, "text": "I'm bad customer. I hate this product", "rate": 2, "date": "2023-09-11T10:08:00.035Z", "product": 1}}, {"model": "products.review", "pk": 186, "fields": {"author": 1, "text": "I'm good customer. I like this product", "rate": 3, "date": "2023-09-11T10:08:00.052Z", "product": 11}}, {"model": "products.review", "pk": 187, "fields": {"author": 2, "text": "I'm bad customer. I hate this product", "rate": 4, "date": "2023-09-11T10:08:00.066Z", "product": 11}}, {"model": "products.review", "pk": 188, "fields": {"author": 1, "text": "I'm good customer. I like this product", "rate": 1, "date": "2023-09-11T10:08:00.079Z", "product": 12}}, {"model": "products.review", "pk": 189, "fields": {"author": 1, "text": "I'm good customer. I like this product", "rate": 3, "date": "2023-09-11T10:08:00.092Z", "product": 14}}, {"model": "products.review", "pk": 190, "fields": {"author": 2, "text": "I'm bad customer. I hate this product", "rate": 3, "date": "2023-09-11T10:08:00.107Z", "product": 14}}, {"model": "products.review", "pk": 191, "fields": {"author": 1, "text": "I'm good customer. I like this product", "rate": 2, "date": "2023-09-11T10:08:00.120Z", "product": 15}}, {"model": "products.review", "pk": 192, "fields": {"author": 2, "text": "I'm bad customer. I hate this product", "rate": 5, "date": "2023-09-11T10:08:00.132Z", "product": 15}}, {"model": "products.review", "pk": 193, "fields": {"author": 2, "text": "I'm bad customer. I hate this product", "rate": 5, "date": "2023-09-11T10:08:00.144Z", "product": 16}}, {"model": "products.review", "pk": 194, "fields": {"author": 1, "text": "I'm good customer. I like this product", "rate": 4, "date": "2023-09-11T10:08:00.157Z", "product": 17}}, {"model": "products.review", "pk": 195, "fields": {"author": 2, "text": "I'm bad customer. I hate this product", "rate": 1, "date": "2023-09-11T10:08:00.172Z", "product": 17}}, {"model": "products.review", "pk": 196, "fields": {"author": 1, "text": "I'm good customer. I like this product", "rate": 5, "date": "2023-09-11T10:08:00.185Z", "product": 18}}, {"model": "products.review", "pk": 197, "fields": {"author": 1, "text": "I'm good customer. I like this product", "rate": 2, "date": "2023-09-11T10:08:00.198Z", "product": 19}}, {"model": "products.review", "pk": 198, "fields": {"author": 2, "text": "I'm bad customer. I hate this product", "rate": 1, "date": "2023-09-11T10:08:00.211Z", "product": 19}}, {"model": "products.review", "pk": 199, "fields": {"author": 1, "text": "I'm good customer. I like this product", "rate": 5, "date": "2023-09-11T10:08:00.224Z", "product": 20}}, {"model": "products.review", "pk": 200, "fields": {"author": 2, "text": "I'm bad customer. I hate this product", "rate": 3, "date": "2023-09-11T10:08:00.237Z", "product": 20}}, {"model": "products.review", "pk": 201, "fields": {"author": 2, "text": "I'm bad customer. I hate this product", "rate": 1, "date": "2023-09-11T10:08:00.250Z", "product": 21}}, {"model": "products.review", "pk": 202, "fields": {"author": 1, "text": "I'm good customer. I like this product", "rate": 4, "date": "2023-09-11T10:08:00.263Z", "product": 22}}, {"model": "products.review", "pk": 203, "fields": {"author": 2, "text": "I'm bad customer. I hate this product", "rate": 3, "date": "2023-09-11T10:08:00.276Z", "product": 22}}, {"model": "products.review", "pk": 204, "fields": {"author": 1, "text": "I'm good customer. I like this product", "rate": 5, "date": "2023-09-11T10:08:00.290Z", "product": 23}}, {"model": "products.review", "pk": 205, "fields": {"author": 1, "text": "I'm good customer. I like this product", "rate": 1, "date": "2023-09-11T10:08:00.304Z", "product": 24}}, {"model": "products.review", "pk": 206, "fields": {"author": 2, "text": "I'm bad customer. I hate this product", "rate": 2, "date": "2023-09-11T10:08:00.317Z", "product": 24}}, {"model": "products.review", "pk": 207, "fields": {"author": 1, "text": "I'm good customer. I like this product", "rate": 1, "date": "2023-09-11T10:08:00.329Z", "product": 25}}, {"model": "products.review", "pk": 208, "fields": {"author": 2, "text": "I'm bad customer. I hate this product", "rate": 5, "date": "2023-09-11T10:08:00.344Z", "product": 25}}, {"model": "products.review", "pk": 209, "fields": {"author": 2, "text": "I'm bad customer. I hate this product", "rate": 3, "date": "2023-09-11T10:08:00.357Z", "product": 26}}, {"model": "products.review", "pk": 210, "fields": {"author": 1, "text": "I'm good customer. I like this product", "rate": 2, "date": "2023-09-11T10:08:00.370Z", "product": 27}}, {"model": "products.review", "pk": 211, "fields": {"author": 2, "text": "I'm bad customer. I hate this product", "rate": 2, "date": "2023-09-11T10:08:00.385Z", "product": 27}}, {"model": "products.review", "pk": 212, "fields": {"author": 1, "text": "I'm good customer. I like this product", "rate": 4, "date": "2023-09-11T10:08:00.399Z", "product": 28}}, {"model": "products.review", "pk": 213, "fields": {"author": 1, "text": "I'm good customer. I like this product", "rate": 3, "date": "2023-09-11T10:08:00.412Z", "product": 29}}, {"model": "products.review", "pk": 214, "fields": {"author": 2, "text": "I'm bad customer. I hate this product", "rate": 2, "date": "2023-09-11T10:08:00.426Z", "product": 29}}, {"model": "products.review", "pk": 215, "fields": {"author": 1, "text": "I'm good customer. I like this product", "rate": 5, "date": "2023-09-11T10:08:00.439Z", "product": 30}}, {"model": "products.review", "pk": 216, "fields": {"author": 2, "text": "I'm bad customer. I hate this product", "rate": 3, "date": "2023-09-11T10:08:00.453Z", "product": 30}}, {"model": "products.review", "pk": 217, "fields": {"author": 2, "text": "I'm bad customer. I hate this product", "rate": 4, "date": "2023-09-11T10:08:00.470Z", "product": 31}}, {"model": "products.review", "pk": 218, "fields": {"author": 1, "text": "I'm good customer. I like this product", "rate": 1, "date": "2023-09-11T10:08:00.483Z", "product": 32}}, {"model": "products.review", "pk": 219, "fields": {"author": 2, "text": "I'm bad customer. I hate this product", "rate": 4, "date": "2023-09-11T10:08:00.496Z", "product": 32}}, {"model": "products.review", "pk": 220, "fields": {"author": 1, "text": "I'm good customer. I like this product", "rate": 3, "date": "2023-09-11T10:08:00.510Z", "product": 33}}, {"model": "products.review", "pk": 221, "fields": {"author": 1, "text": "I'm good customer. I like this product", "rate": 3, "date": "2023-09-11T10:08:00.523Z", "product": 34}}, {"model": "products.review", "pk": 222, "fields": {"author": 2, "text": "I'm bad customer. I hate this product", "rate": 4, "date": "2023-09-11T10:08:00.537Z", "product": 34}}, {"model": "products.review", "pk": 223, "fields": {"author": 1, "text": "I'm good customer. I like this product", "rate": 3, "date": "2023-09-11T10:08:00.549Z", "product": 35}}, {"model": "products.review", "pk": 224, "fields": {"author": 2, "text": "I'm bad customer. I hate this product", "rate": 5, "date": "2023-09-11T10:08:00.562Z", "product": 35}}, {"model": "products.review", "pk": 225, "fields": {"author": 2, "text": "I'm bad customer. I hate this product", "rate": 3, "date": "2023-09-11T10:08:00.575Z", "product": 36}}, {"model": "products.review", "pk": 226, "fields": {"author": 1, "text": "I'm good customer. I like this product", "rate": 5, "date": "2023-09-11T10:08:00.589Z", "product": 37}}, {"model": "products.review", "pk": 227, "fields": {"author": 2, "text": "I'm bad customer. I hate this product", "rate": 3, "date": "2023-09-11T10:08:00.600Z", "product": 37}}, {"model": "products.review", "pk": 228, "fields": {"author": 1, "text": "I'm good customer. I like this product", "rate": 4, "date": "2023-09-11T10:08:00.614Z", "product": 38}}, {"model": "products.review", "pk": 229, "fields": {"author": 1, "text": "I'm good customer. I like this product", "rate": 3, "date": "2023-09-11T10:08:00.627Z", "product": 39}}, {"model": "products.review", "pk": 230, "fields": {"author": 2, "text": "I'm bad customer. I hate this product", "rate": 1, "date": "2023-09-11T10:08:00.639Z", "product": 39}}, {"model": "products.review", "pk": 231, "fields": {"author": 1, "text": "I'm good customer. I like this product", "rate": 3, "date": "2023-09-11T10:08:00.652Z", "product": 40}}, {"model": "products.review", "pk": 232, "fields": {"author": 2, "text": "I'm bad customer. I hate this product", "rate": 1, "date": "2023-09-11T10:08:00.665Z", "product": 40}}, {"model": "products.review", "pk": 233, "fields": {"author": 2, "text": "I'm bad customer. I hate this product", "rate": 4, "date": "2023-09-11T10:08:00.677Z", "product": 41}}, {"model": "products.sale", "pk": 22, "fields": {"product": 11, "sale": 41, "dateFrom": "2023-08-24", "dateTo": "2023-12-31"}}, {"model": "products.sale", "pk": 23, "fields": {"product": 20, "sale": 9, "dateFrom": "2023-08-24", "dateTo": "2023-12-31"}}, {"model": "products.sale", "pk": 24, "fields": {"product": 28, "sale": 20, "dateFrom": "2023-08-24", "dateTo": "2023-12-31"}}, {"model": "products.sale", "pk": 25, "fields": {"product": 29, "sale": 19, "dateFrom": "2023-08-24", "dateTo": "2023-12-31"}}, {"model": "products.sale", "pk": 26, "fields": {"product": 30, "sale": 81, "dateFrom": "2023-08-24", "dateTo": "2023-12-31"}}, {"model": "products.sale", "pk": 27, "fields": {"product": 31, "sale": 28, "dateFrom": "2023-08-24", "dateTo": "2023-12-31"}}, {"model": "products.sale", "pk": 28, "fields": {"product": 36, "sale": 20, "dateFrom": "2023-08-24", "dateTo": "2023-12-31"}}, {"model": "products.sale", "pk": 29, "fields": {"product": 41, "sale": 39, "dateFrom": "2023-08-24", "dateTo": "2023-12-31"}}]